Product ID,Handle,Title,Vendor,Type,Tags,Updated At,Status,URL,Category,Variant ID,Variant Name,Variant SKU,Variant Barcode,Variant Price
9.22293E+12,fs6bg01fbk,Pearl Chain Quilted Hip Bag (Black),Fairliar USA,Bag,"26SPR D2, 26Spring, 26SS, Accessories, ALL, Bags, FEMALE",2026-02-26T00:39:07Z,ACTIVE,https://fairliar.jp/products/fs6bg01fbk,Luggage & Bags > Tote Bags,4.77234E+13,FR,FS6BG01FBKFR,1.9241E+12,235
9.22293E+12,fs6bg01fwh,Pearl Chain Quilted Hip Bag (White),Fairliar USA,Bag,"26SPR D2, 26Spring, 26SS, Accessories, ALL, Bags, FEMALE",2026-02-26T00:39:01Z,ACTIVE,https://fairliar.jp/products/fs6bg01fwh,Luggage & Bags > Tote Bags,4.77234E+13,FR,FS6BG01FWHFR,1.9241E+12,235
9.22293E+12,fs6cd02fca,Shushu Ribbon Cardigan (Coral),Fairliar USA,Top,"26SPR D2, 26Spring, 26SS, ALL, Cardigans, FEMALE, Tops",2026-02-25T23:56:36Z,ACTIVE,https://fairliar.jp/products/fs6cd02fca,Apparel & Accessories > Clothing > Clothing Tops > Cardigans,4.77234E+13,M,FS6CD02FCAM,1.9241E+12,399
9.22293E+12,fs6cd02fca,Shushu Ribbon Cardigan (Coral),Fairliar USA,Top,"26SPR D2, 26Spring, 26SS, ALL, Cardigans, FEMALE, Tops",2026-02-25T23:56:36Z,ACTIVE,https://fairliar.jp/products/fs6cd02fca,Apparel & Accessories > Clothing > Clothing Tops > Cardigans,4.77234E+13,S,FS6CD02FCAS,1.9241E+12,399
9.22293E+12,fs6cd02fca,Shushu Ribbon Cardigan (Coral),Fairliar USA,Top,"26SPR D2, 26Spring, 26SS, ALL, Cardigans, FEMALE, Tops",2026-02-25T23:56:36Z,ACTIVE,https://fairliar.jp/products/fs6cd02fca,Apparel & Accessories > Clothing > Clothing Tops > Cardigans,4.77234E+13,XS,FS6CD02FCAXS,1.9241E+12,399
9.22293E+12,fs6cd02fwh,Shushu Ribbon Cardigan (White),Fairliar USA,Top,"26SPR D2, 26Spring, 26SS, ALL, Cardigans, FEMALE, Tops",2026-02-25T23:55:49Z,ACTIVE,https://fairliar.jp/products/fs6cd02fwh,Apparel & Accessories > Clothing > Clothing Tops > Cardigans,4.77234E+13,M,FS6CD02FWHM,1.9241E+12,399
9.22293E+12,fs6cd02fwh,Shushu Ribbon Cardigan (White),Fairliar USA,Top,"26SPR D2, 26Spring, 26SS, ALL, Cardigans, FEMALE, Tops",2026-02-25T23:55:49Z,ACTIVE,https://fairliar.jp/products/fs6cd02fwh,Apparel & Accessories > Clothing > Clothing Tops > Cardigans,4.77234E+13,S,FS6CD02FWHS,1.9241E+12,399
9.22293E+12,fs6cd02fwh,Shushu Ribbon Cardigan (White),Fairliar USA,Top,"26SPR D2, 26Spring, 26SS, ALL, Cardigans, FEMALE, Tops",2026-02-25T23:55:49Z,ACTIVE,https://fairliar.jp/products/fs6cd02fwh,Apparel & Accessories > Clothing > Clothing Tops > Cardigans,4.77234E+13,XS,FS6CD02FWHXS,1.9241E+12,399
9.22293E+12,fs6cd07fbg,Ruffle Rib Cardigan (Beige),Fairliar USA,Top,"26SPR D2, 26Spring, 26SS, ALL, Cardigans, FEMALE, Tops",2026-02-27T03:31:30Z,ACTIVE,https://fairliar.jp/products/fs6cd07fbg,Apparel & Accessories > Clothing > Clothing Tops > Cardigans,4.77234E+13,L,FS6CD07FBGL,1.9241E+12,326
9.22293E+12,fs6cd07fbg,Ruffle Rib Cardigan (Beige),Fairliar USA,Top,"26SPR D2, 26Spring, 26SS, ALL, Cardigans, FEMALE, Tops",2026-02-27T03:31:30Z,ACTIVE,https://fairliar.jp/products/fs6cd07fbg,Apparel & Accessories > Clothing > Clothing Tops > Cardigans,4.77234E+13,M,FS6CD07FBGM,1.9241E+12,326
9.22293E+12,fs6cd07fbg,Ruffle Rib Cardigan (Beige),Fairliar USA,Top,"26SPR D2, 26Spring, 26SS, ALL, Cardigans, FEMALE, Tops",2026-02-27T03:31:30Z,ACTIVE,https://fairliar.jp/products/fs6cd07fbg,Apparel & Accessories > Clothing > Clothing Tops > Cardigans,4.77234E+13,S,FS6CD07FBGS,1.9241E+12,326
9.22293E+12,fs6cd07fbg,Ruffle Rib Cardigan (Beige),Fairliar USA,Top,"26SPR D2, 26Spring, 26SS, ALL, Cardigans, FEMALE, Tops",2026-02-27T03:31:30Z,ACTIVE,https://fairliar.jp/products/fs6cd07fbg,Apparel & Accessories > Clothing > Clothing Tops > Cardigans,4.77234E+13,XS,FS6CD07FBGXS,1.9241E+12,326
9.22293E+12,fs6cd07fbk,Ruffle Rib Cardigan (Black),Fairliar USA,Top,"26SPR D2, 26Spring, 26SS, ALL, Cardigans, FEMALE, Tops",2026-02-25T23:52:31Z,ACTIVE,https://fairliar.jp/products/fs6cd07fbk,Apparel & Accessories > Clothing > Clothing Tops > Cardigans,4.77234E+13,L,FS6CD07FBKL,1.9241E+12,326
9.22293E+12,fs6cd07fbk,Ruffle Rib Cardigan (Black),Fairliar USA,Top,"26SPR D2, 26Spring, 26SS, ALL, Cardigans, FEMALE, Tops",2026-02-25T23:52:31Z,ACTIVE,https://fairliar.jp/products/fs6cd07fbk,Apparel & Accessories > Clothing > Clothing Tops > Cardigans,4.77234E+13,M,FS6CD07FBKM,1.9241E+12,326
9.22293E+12,fs6cd07fbk,Ruffle Rib Cardigan (Black),Fairliar USA,Top,"26SPR D2, 26Spring, 26SS, ALL, Cardigans, FEMALE, Tops",2026-02-25T23:52:31Z,ACTIVE,https://fairliar.jp/products/fs6cd07fbk,Apparel & Accessories > Clothing > Clothing Tops > Cardigans,4.77234E+13,S,FS6CD07FBKS,1.9241E+12,326
9.22293E+12,fs6cd07fbk,Ruffle Rib Cardigan (Black),Fairliar USA,Top,"26SPR D2, 26Spring, 26SS, ALL, Cardigans, FEMALE, Tops",2026-02-25T23:52:31Z,ACTIVE,https://fairliar.jp/products/fs6cd07fbk,Apparel & Accessories > Clothing > Clothing Tops > Cardigans,4.77234E+13,XS,FS6CD07FBKXS,1.9241E+12,326
9.22293E+12,fs6ht02fbk,Logo Tape With Pearl Visor (Black),Fairliar USA,Hat,"26SPR D2, 26Spring, 26SS, Accessories, ALL, FEMALE, Visors",2026-02-26T01:59:26Z,ACTIVE,https://fairliar.jp/products/fs6ht02fbk,Apparel & Accessories > Clothing Accessories > Hats,4.77234E+13,FR,FS6HT02FBKFR,1.9241E+12,126
9.22293E+12,fs6ht02fwh,Logo Tape With Pearl Visor (White),Fairliar USA,Hat,"26SPR D2, 26Spring, 26SS, Accessories, ALL, FEMALE, Visors",2026-02-26T01:59:23Z,ACTIVE,https://fairliar.jp/products/fs6ht02fwh,Apparel & Accessories > Clothing Accessories > Hats,4.77234E+13,FR,FS6HT02FWHFR,1.9241E+12,126
9.22293E+12,fs6ht03fbg,Color Organza Visor (Beige),Fairliar USA,Hat,"26SPR D2, 26Spring, 26SS, Accessories, ALL, FEMALE, Visors",2026-02-26T01:57:09Z,ACTIVE,https://fairliar.jp/products/fs6ht03fbg,Apparel & Accessories > Clothing Accessories > Hats,4.77234E+13,FR,FS6HT03FBGFR,1.9241E+12,126
9.22293E+12,fs6ht03fca,Color Organza Visor (Coral),Fairliar USA,Hat,"26SPR D2, 26Spring, 26SS, Accessories, ALL, FEMALE, Visors",2026-02-27T03:31:27Z,ACTIVE,https://fairliar.jp/products/fs6ht03fca,Apparel & Accessories > Clothing Accessories > Hats,4.77234E+13,FR,FS6HT03FCAFR,1.9241E+12,126
9.22293E+12,fs6ht06fbk,Lace Scallop Ribbon visor (Black),Fairliar USA,Hat,"26SPR D2, 26Spring, 26SS, Accessories, ALL, FEMALE, Visors",2026-02-26T01:55:28Z,ACTIVE,https://fairliar.jp/products/fs6ht06fbk,Apparel & Accessories > Clothing Accessories > Hats,4.77234E+13,FR,FS6HT06FBKFR,1.9241E+12,144
9.22293E+12,fs6ht06fwh,Lace Scallop Ribbon visor (White),Fairliar USA,Hat,"26SPR D2, 26Spring, 26SS, Accessories, ALL, FEMALE, Visors",2026-02-26T00:43:59Z,ACTIVE,https://fairliar.jp/products/fs6ht06fwh,Apparel & Accessories > Clothing Accessories > Hats,4.77234E+13,FR,FS6HT06FWHFR,1.9241E+12,144
9.22293E+12,fs6ht09fbk,Lace Bonnet Hat (Black),Fairliar USA,Hat,"26SPR D2, 26Spring, 26SS, Accessories, ALL, FEMALE, Visors",2026-03-01T02:55:09Z,ACTIVE,https://fairliar.jp/products/fs6ht09fbk,Apparel & Accessories > Clothing Accessories > Hats,4.77234E+13,FR,FS6HT09FBKFR,1.9241E+12,144
9.22293E+12,fs6ht09fwh,Lace Bonnet Hat (White),Fairliar USA,Hat,"26SPR D2, 26Spring, 26SS, Accessories, ALL, FEMALE, Visors",2026-02-26T00:42:33Z,ACTIVE,https://fairliar.jp/products/fs6ht09fwh,Apparel & Accessories > Clothing Accessories > Hats,4.77234E+13,FR,FS6HT09FWHFR,1.9241E+12,144
9.22293E+12,fs6ht10fbg,Twinkle ribbon visor (Beige),Fairliar USA,Hat,"26SPR D2, 26Spring, 26SS, Accessories, ALL, FEMALE, Visors",2026-02-26T00:40:26Z,ACTIVE,https://fairliar.jp/products/fs6ht10fbg,Apparel & Accessories > Clothing Accessories > Hats,4.77234E+13,FR,FS6HT10FBGFR,1.9241E+12,126
9.22293E+12,fs6ht10fca,Twinkle ribbon visor (Coral),Fairliar USA,Hat,"26SPR D2, 26Spring, 26SS, Accessories, ALL, FEMALE, Visors",2026-02-27T03:31:28Z,ACTIVE,https://fairliar.jp/products/fs6ht10fca,Apparel & Accessories > Clothing Accessories > Hats,4.77234E+13,FR,FS6HT10FCAFR,1.9241E+12,126
9.22293E+12,fs6ht12fwh,Wide Ribbon Bonnet Hat (White),Fairliar USA,Hat,"26SPR D1, 26Spring, 26SS, Accessories, ALL, FEMALE, Visors",2026-02-28T08:24:19Z,ACTIVE,https://fairliar.jp/products/fs6ht12fwh,Apparel & Accessories > Clothing Accessories > Hats,4.77234E+13,FR,FS6HT12FWHFR,1.9241E+12,108
9.22293E+12,fs6ot01fbk,Sheer Shirred Zip-Up Jacket (Black),Fairliar USA,Jacket,"26SPR D2, 26Spring, 26SS, ALL, Coats & Jackets, FEMALE, Outerwear",2026-02-26T00:38:01Z,ACTIVE,https://fairliar.jp/products/fs6ot01fbk,Apparel & Accessories > Clothing > Outerwear > Coats & Jackets,4.77234E+13,M,FS6OT01FBKM,1.9241E+12,362
9.22293E+12,fs6ot01fbk,Sheer Shirred Zip-Up Jacket (Black),Fairliar USA,Jacket,"26SPR D2, 26Spring, 26SS, ALL, Coats & Jackets, FEMALE, Outerwear",2026-02-26T00:38:01Z,ACTIVE,https://fairliar.jp/products/fs6ot01fbk,Apparel & Accessories > Clothing > Outerwear > Coats & Jackets,4.77234E+13,S,FS6OT01FBKS,1.9241E+12,362
9.22293E+12,fs6ot01fbk,Sheer Shirred Zip-Up Jacket (Black),Fairliar USA,Jacket,"26SPR D2, 26Spring, 26SS, ALL, Coats & Jackets, FEMALE, Outerwear",2026-02-26T00:38:01Z,ACTIVE,https://fairliar.jp/products/fs6ot01fbk,Apparel & Accessories > Clothing > Outerwear > Coats & Jackets,4.77234E+13,XS,FS6OT01FBKXS,1.9241E+12,362
9.22293E+12,fs6ot01fca,Sheer Shirred Zip-Up Jacket (Coral),Fairliar USA,Jacket,"26SPR D2, 26Spring, 26SS, ALL, Coats & Jackets, FEMALE, Outerwear",2026-02-26T00:37:56Z,ACTIVE,https://fairliar.jp/products/fs6ot01fca,Apparel & Accessories > Clothing > Outerwear > Coats & Jackets,4.77234E+13,M,FS6OT01FCAM,1.9241E+12,362
9.22293E+12,fs6ot01fca,Sheer Shirred Zip-Up Jacket (Coral),Fairliar USA,Jacket,"26SPR D2, 26Spring, 26SS, ALL, Coats & Jackets, FEMALE, Outerwear",2026-02-26T00:37:56Z,ACTIVE,https://fairliar.jp/products/fs6ot01fca,Apparel & Accessories > Clothing > Outerwear > Coats & Jackets,4.77234E+13,S,FS6OT01FCAS,1.9241E+12,362
9.22293E+12,fs6ot01fca,Sheer Shirred Zip-Up Jacket (Coral),Fairliar USA,Jacket,"26SPR D2, 26Spring, 26SS, ALL, Coats & Jackets, FEMALE, Outerwear",2026-02-26T00:37:56Z,ACTIVE,https://fairliar.jp/products/fs6ot01fca,Apparel & Accessories > Clothing > Outerwear > Coats & Jackets,4.77234E+13,XS,FS6OT01FCAXS,1.9241E+12,362
9.22293E+12,fs6ot03fbk,Frill Hooded Zipper Jacket (Black),Fairliar USA,Jacket,"26SPR D2, 26Spring, 26SS, ALL, Coats & Jackets, FEMALE, Outerwear",2026-02-26T00:37:09Z,ACTIVE,https://fairliar.jp/products/fs6ot03fbk,Apparel & Accessories > Clothing > Outerwear > Coats & Jackets,4.77234E+13,M,FS6OT03FBKM,1.9241E+12,417
9.22293E+12,fs6ot03fbk,Frill Hooded Zipper Jacket (Black),Fairliar USA,Jacket,"26SPR D2, 26Spring, 26SS, ALL, Coats & Jackets, FEMALE, Outerwear",2026-02-26T00:37:09Z,ACTIVE,https://fairliar.jp/products/fs6ot03fbk,Apparel & Accessories > Clothing > Outerwear > Coats & Jackets,4.77234E+13,S,FS6OT03FBKS,1.9241E+12,417
9.22293E+12,fs6ot03fbk,Frill Hooded Zipper Jacket (Black),Fairliar USA,Jacket,"26SPR D2, 26Spring, 26SS, ALL, Coats & Jackets, FEMALE, Outerwear",2026-02-26T00:37:09Z,ACTIVE,https://fairliar.jp/products/fs6ot03fbk,Apparel & Accessories > Clothing > Outerwear > Coats & Jackets,4.77234E+13,XS,FS6OT03FBKXS,1.9241E+12,417
9.22293E+12,fs6ot03fwh,Frill Hooded Zipper Jacket (White),Fairliar USA,Jacket,"26SPR D2, 26Spring, 26SS, ALL, Coats & Jackets, FEMALE, Outerwear",2026-02-26T00:37:05Z,ACTIVE,https://fairliar.jp/products/fs6ot03fwh,Apparel & Accessories > Clothing > Outerwear > Coats & Jackets,4.77234E+13,M,FS6OT03FWHM,1.9241E+12,417
9.22293E+12,fs6ot03fwh,Frill Hooded Zipper Jacket (White),Fairliar USA,Jacket,"26SPR D2, 26Spring, 26SS, ALL, Coats & Jackets, FEMALE, Outerwear",2026-02-26T00:37:05Z,ACTIVE,https://fairliar.jp/products/fs6ot03fwh,Apparel & Accessories > Clothing > Outerwear > Coats & Jackets,4.77234E+13,S,FS6OT03FWHS,1.9241E+12,417
9.22293E+12,fs6ot03fwh,Frill Hooded Zipper Jacket (White),Fairliar USA,Jacket,"26SPR D2, 26Spring, 26SS, ALL, Coats & Jackets, FEMALE, Outerwear",2026-02-26T00:37:05Z,ACTIVE,https://fairliar.jp/products/fs6ot03fwh,Apparel & Accessories > Clothing > Outerwear > Coats & Jackets,4.77234E+13,XS,FS6OT03FWHXS,1.9241E+12,417
9.22293E+12,fs6sk01fbk,Crochet Flare Pleated Skirt (Black),Fairliar USA,Skirt,"26SPR D2, 26Spring, 26SS, ALL, FEMALE, Skirts",2026-02-26T00:35:57Z,ACTIVE,https://fairliar.jp/products/fs6sk01fbk,Apparel & Accessories > Clothing > Skirts,4.77234E+13,2XS,FS6SK01FBK2XS,1.9241E+12,290
9.22293E+12,fs6sk01fbk,Crochet Flare Pleated Skirt (Black),Fairliar USA,Skirt,"26SPR D2, 26Spring, 26SS, ALL, FEMALE, Skirts",2026-02-26T00:35:57Z,ACTIVE,https://fairliar.jp/products/fs6sk01fbk,Apparel & Accessories > Clothing > Skirts,4.77234E+13,L,FS6SK01FBKL,1.9241E+12,290
9.22293E+12,fs6sk01fbk,Crochet Flare Pleated Skirt (Black),Fairliar USA,Skirt,"26SPR D2, 26Spring, 26SS, ALL, FEMALE, Skirts",2026-02-26T00:35:57Z,ACTIVE,https://fairliar.jp/products/fs6sk01fbk,Apparel & Accessories > Clothing > Skirts,4.77234E+13,M,FS6SK01FBKM,1.9241E+12,290
9.22293E+12,fs6sk01fbk,Crochet Flare Pleated Skirt (Black),Fairliar USA,Skirt,"26SPR D2, 26Spring, 26SS, ALL, FEMALE, Skirts",2026-02-26T00:35:57Z,ACTIVE,https://fairliar.jp/products/fs6sk01fbk,Apparel & Accessories > Clothing > Skirts,4.77234E+13,S,FS6SK01FBKS,1.9241E+12,290
9.22293E+12,fs6sk01fbk,Crochet Flare Pleated Skirt (Black),Fairliar USA,Skirt,"26SPR D2, 26Spring, 26SS, ALL, FEMALE, Skirts",2026-02-26T00:35:57Z,ACTIVE,https://fairliar.jp/products/fs6sk01fbk,Apparel & Accessories > Clothing > Skirts,4.77234E+13,XS,FS6SK01FBKXS,1.9241E+12,290
9.22293E+12,fs6sk01fca,Crochet Flare Pleated Skirt (Coral),Fairliar USA,Skirt,"26SPR D2, 26Spring, 26SS, ALL, FEMALE, Skirts",2026-02-26T00:35:53Z,ACTIVE,https://fairliar.jp/products/fs6sk01fca,Apparel & Accessories > Clothing > Skirts,4.77234E+13,2XS,FS6SK01FCA2XS,1.9241E+12,290
9.22293E+12,fs6sk01fca,Crochet Flare Pleated Skirt (Coral),Fairliar USA,Skirt,"26SPR D2, 26Spring, 26SS, ALL, FEMALE, Skirts",2026-02-26T00:35:53Z,ACTIVE,https://fairliar.jp/products/fs6sk01fca,Apparel & Accessories > Clothing > Skirts,4.77234E+13,L,FS6SK01FCAL,1.9241E+12,290
9.22293E+12,fs6sk01fca,Crochet Flare Pleated Skirt (Coral),Fairliar USA,Skirt,"26SPR D2, 26Spring, 26SS, ALL, FEMALE, Skirts",2026-02-26T00:35:53Z,ACTIVE,https://fairliar.jp/products/fs6sk01fca,Apparel & Accessories > Clothing > Skirts,4.77234E+13,M,FS6SK01FCAM,1.9241E+12,290
9.22293E+12,fs6sk01fca,Crochet Flare Pleated Skirt (Coral),Fairliar USA,Skirt,"26SPR D2, 26Spring, 26SS, ALL, FEMALE, Skirts",2026-02-26T00:35:53Z,ACTIVE,https://fairliar.jp/products/fs6sk01fca,Apparel & Accessories > Clothing > Skirts,4.77234E+13,S,FS6SK01FCAS,1.9241E+12,290
9.22293E+12,fs6sk01fca,Crochet Flare Pleated Skirt (Coral),Fairliar USA,Skirt,"26SPR D2, 26Spring, 26SS, ALL, FEMALE, Skirts",2026-02-26T00:35:53Z,ACTIVE,https://fairliar.jp/products/fs6sk01fca,Apparel & Accessories > Clothing > Skirts,4.77234E+13,XS,FS6SK01FCAXS,1.9241E+12,290
9.22293E+12,fs6sk01fmt,Crochet Flare Pleated Skirt (Mint),Fairliar USA,Skirt,"26SPR D2, 26Spring, 26SS, ALL, FEMALE, Skirts",2026-02-26T00:35:41Z,ACTIVE,https://fairliar.jp/products/fs6sk01fmt,Apparel & Accessories > Clothing > Skirts,4.77234E+13,2XS,FS6SK01FMT2XS,1.9241E+12,290
9.22293E+12,fs6sk01fmt,Crochet Flare Pleated Skirt (Mint),Fairliar USA,Skirt,"26SPR D2, 26Spring, 26SS, ALL, FEMALE, Skirts",2026-02-26T00:35:41Z,ACTIVE,https://fairliar.jp/products/fs6sk01fmt,Apparel & Accessories > Clothing > Skirts,4.77234E+13,L,FS6SK01FMTL,1.9241E+12,290
9.22293E+12,fs6sk01fmt,Crochet Flare Pleated Skirt (Mint),Fairliar USA,Skirt,"26SPR D2, 26Spring, 26SS, ALL, FEMALE, Skirts",2026-02-26T00:35:41Z,ACTIVE,https://fairliar.jp/products/fs6sk01fmt,Apparel & Accessories > Clothing > Skirts,4.77234E+13,M,FS6SK01FMTM,1.9241E+12,290
9.22293E+12,fs6sk01fmt,Crochet Flare Pleated Skirt (Mint),Fairliar USA,Skirt,"26SPR D2, 26Spring, 26SS, ALL, FEMALE, Skirts",2026-02-26T00:35:41Z,ACTIVE,https://fairliar.jp/products/fs6sk01fmt,Apparel & Accessories > Clothing > Skirts,4.77234E+13,S,FS6SK01FMTS,1.9241E+12,290
9.22293E+12,fs6sk01fmt,Crochet Flare Pleated Skirt (Mint),Fairliar USA,Skirt,"26SPR D2, 26Spring, 26SS, ALL, FEMALE, Skirts",2026-02-26T00:35:41Z,ACTIVE,https://fairliar.jp/products/fs6sk01fmt,Apparel & Accessories > Clothing > Skirts,4.77234E+13,XS,FS6SK01FMTXS,1.9241E+12,290
9.22293E+12,fs6sk01fwh,Crochet Flare Pleated Skirt (White),Fairliar USA,Skirt,"26SPR D2, 26Spring, 26SS, ALL, FEMALE, Skirts",2026-02-26T00:35:35Z,ACTIVE,https://fairliar.jp/products/fs6sk01fwh,Apparel & Accessories > Clothing > Skirts,4.77234E+13,2XS,FS6SK01FWH2XS,1.9241E+12,290
9.22293E+12,fs6sk01fwh,Crochet Flare Pleated Skirt (White),Fairliar USA,Skirt,"26SPR D2, 26Spring, 26SS, ALL, FEMALE, Skirts",2026-02-26T00:35:35Z,ACTIVE,https://fairliar.jp/products/fs6sk01fwh,Apparel & Accessories > Clothing > Skirts,4.77234E+13,L,FS6SK01FWHL,1.9241E+12,290
9.22293E+12,fs6sk01fwh,Crochet Flare Pleated Skirt (White),Fairliar USA,Skirt,"26SPR D2, 26Spring, 26SS, ALL, FEMALE, Skirts",2026-02-26T00:35:35Z,ACTIVE,https://fairliar.jp/products/fs6sk01fwh,Apparel & Accessories > Clothing > Skirts,4.77234E+13,M,FS6SK01FWHM,1.9241E+12,290
9.22293E+12,fs6sk01fwh,Crochet Flare Pleated Skirt (White),Fairliar USA,Skirt,"26SPR D2, 26Spring, 26SS, ALL, FEMALE, Skirts",2026-02-26T00:35:35Z,ACTIVE,https://fairliar.jp/products/fs6sk01fwh,Apparel & Accessories > Clothing > Skirts,4.77234E+13,S,FS6SK01FWHS,1.9241E+12,290
9.22293E+12,fs6sk01fwh,Crochet Flare Pleated Skirt (White),Fairliar USA,Skirt,"26SPR D2, 26Spring, 26SS, ALL, FEMALE, Skirts",2026-02-26T00:35:35Z,ACTIVE,https://fairliar.jp/products/fs6sk01fwh,Apparel & Accessories > Clothing > Skirts,4.77234E+13,XS,FS6SK01FWHXS,1.9241E+12,290
9.22293E+12,fs6sk04fbg,Twinkle Pleated Skirt (Beige),Fairliar USA,Skirt,"26SPR D2, 26Spring, 26SS, ALL, FEMALE, Skirts",2026-02-26T00:33:28Z,ACTIVE,https://fairliar.jp/products/fs6sk04fbg,Apparel & Accessories > Clothing > Skirts,4.77234E+13,2XS,FS6SK04FBG2XS,1.9241E+12,308
9.22293E+12,fs6sk04fbg,Twinkle Pleated Skirt (Beige),Fairliar USA,Skirt,"26SPR D2, 26Spring, 26SS, ALL, FEMALE, Skirts",2026-02-26T00:33:28Z,ACTIVE,https://fairliar.jp/products/fs6sk04fbg,Apparel & Accessories > Clothing > Skirts,4.77234E+13,L,FS6SK04FBGL,1.9241E+12,308
9.22293E+12,fs6sk04fbg,Twinkle Pleated Skirt (Beige),Fairliar USA,Skirt,"26SPR D2, 26Spring, 26SS, ALL, FEMALE, Skirts",2026-02-26T00:33:28Z,ACTIVE,https://fairliar.jp/products/fs6sk04fbg,Apparel & Accessories > Clothing > Skirts,4.77234E+13,M,FS6SK04FBGM,1.9241E+12,308
9.22293E+12,fs6sk04fbg,Twinkle Pleated Skirt (Beige),Fairliar USA,Skirt,"26SPR D2, 26Spring, 26SS, ALL, FEMALE, Skirts",2026-02-26T00:33:28Z,ACTIVE,https://fairliar.jp/products/fs6sk04fbg,Apparel & Accessories > Clothing > Skirts,4.77234E+13,S,FS6SK04FBGS,1.9241E+12,308
9.22293E+12,fs6sk04fbg,Twinkle Pleated Skirt (Beige),Fairliar USA,Skirt,"26SPR D2, 26Spring, 26SS, ALL, FEMALE, Skirts",2026-02-26T00:33:28Z,ACTIVE,https://fairliar.jp/products/fs6sk04fbg,Apparel & Accessories > Clothing > Skirts,4.77234E+13,XS,FS6SK04FBGXS,1.9241E+12,308
9.22293E+12,fs6sk04fca,Twinkle Pleated Skirt (Coral),Fairliar USA,Skirt,"26SPR D2, 26Spring, 26SS, ALL, FEMALE, Skirts",2026-02-26T00:33:21Z,ACTIVE,https://fairliar.jp/products/fs6sk04fca,Apparel & Accessories > Clothing > Skirts,4.77234E+13,2XS,FS6SK04FCA2XS,1.9241E+12,308
9.22293E+12,fs6sk04fca,Twinkle Pleated Skirt (Coral),Fairliar USA,Skirt,"26SPR D2, 26Spring, 26SS, ALL, FEMALE, Skirts",2026-02-26T00:33:21Z,ACTIVE,https://fairliar.jp/products/fs6sk04fca,Apparel & Accessories > Clothing > Skirts,4.77234E+13,L,FS6SK04FCAL,1.9241E+12,308
9.22293E+12,fs6sk04fca,Twinkle Pleated Skirt (Coral),Fairliar USA,Skirt,"26SPR D2, 26Spring, 26SS, ALL, FEMALE, Skirts",2026-02-26T00:33:21Z,ACTIVE,https://fairliar.jp/products/fs6sk04fca,Apparel & Accessories > Clothing > Skirts,4.77234E+13,M,FS6SK04FCAM,1.9241E+12,308
9.22293E+12,fs6sk04fca,Twinkle Pleated Skirt (Coral),Fairliar USA,Skirt,"26SPR D2, 26Spring, 26SS, ALL, FEMALE, Skirts",2026-02-26T00:33:21Z,ACTIVE,https://fairliar.jp/products/fs6sk04fca,Apparel & Accessories > Clothing > Skirts,4.77234E+13,S,FS6SK04FCAS,1.9241E+12,308
9.22293E+12,fs6sk04fca,Twinkle Pleated Skirt (Coral),Fairliar USA,Skirt,"26SPR D2, 26Spring, 26SS, ALL, FEMALE, Skirts",2026-02-26T00:33:21Z,ACTIVE,https://fairliar.jp/products/fs6sk04fca,Apparel & Accessories > Clothing > Skirts,4.77234E+13,XS,FS6SK04FCAXS,1.9241E+12,308
9.22293E+12,fs6sk06fbk,Folded A-line skirt (Black),Fairliar USA,Skirt,"26SPR D2, 26Spring, 26SS, ALL, FEMALE, Skirts",2026-02-26T00:32:08Z,ACTIVE,https://fairliar.jp/products/fs6sk06fbk,Apparel & Accessories > Clothing > Skirts,4.77234E+13,2XS,FS6SK06FBK2XS,1.9241E+12,290
9.22293E+12,fs6sk06fbk,Folded A-line skirt (Black),Fairliar USA,Skirt,"26SPR D2, 26Spring, 26SS, ALL, FEMALE, Skirts",2026-02-26T00:32:08Z,ACTIVE,https://fairliar.jp/products/fs6sk06fbk,Apparel & Accessories > Clothing > Skirts,4.77234E+13,L,FS6SK06FBKL,1.9241E+12,290
9.22293E+12,fs6sk06fbk,Folded A-line skirt (Black),Fairliar USA,Skirt,"26SPR D2, 26Spring, 26SS, ALL, FEMALE, Skirts",2026-02-26T00:32:08Z,ACTIVE,https://fairliar.jp/products/fs6sk06fbk,Apparel & Accessories > Clothing > Skirts,4.77234E+13,M,FS6SK06FBKM,1.9241E+12,290
9.22293E+12,fs6sk06fbk,Folded A-line skirt (Black),Fairliar USA,Skirt,"26SPR D2, 26Spring, 26SS, ALL, FEMALE, Skirts",2026-02-26T00:32:08Z,ACTIVE,https://fairliar.jp/products/fs6sk06fbk,Apparel & Accessories > Clothing > Skirts,4.77234E+13,S,FS6SK06FBKS,1.9241E+12,290
9.22293E+12,fs6sk06fbk,Folded A-line skirt (Black),Fairliar USA,Skirt,"26SPR D2, 26Spring, 26SS, ALL, FEMALE, Skirts",2026-02-26T00:32:08Z,ACTIVE,https://fairliar.jp/products/fs6sk06fbk,Apparel & Accessories > Clothing > Skirts,4.77234E+13,XS,FS6SK06FBKXS,1.9241E+12,290
9.22293E+12,fs6sk06fcr,Folded A-line skirt (Cream),Fairliar USA,Skirt,"26SPR D2, 26Spring, 26SS, ALL, FEMALE, Skirts",2026-02-26T00:32:04Z,ACTIVE,https://fairliar.jp/products/fs6sk06fcr,Apparel & Accessories > Clothing > Skirts,4.77234E+13,2XS,FS6SK06FCR2XS,1.9241E+12,290
9.22293E+12,fs6sk06fcr,Folded A-line skirt (Cream),Fairliar USA,Skirt,"26SPR D2, 26Spring, 26SS, ALL, FEMALE, Skirts",2026-02-26T00:32:04Z,ACTIVE,https://fairliar.jp/products/fs6sk06fcr,Apparel & Accessories > Clothing > Skirts,4.77234E+13,L,FS6SK06FCRL,1.9241E+12,290
9.22293E+12,fs6sk06fcr,Folded A-line skirt (Cream),Fairliar USA,Skirt,"26SPR D2, 26Spring, 26SS, ALL, FEMALE, Skirts",2026-02-26T00:32:04Z,ACTIVE,https://fairliar.jp/products/fs6sk06fcr,Apparel & Accessories > Clothing > Skirts,4.77234E+13,M,FS6SK06FCRM,1.9241E+12,290
9.22293E+12,fs6sk06fcr,Folded A-line skirt (Cream),Fairliar USA,Skirt,"26SPR D2, 26Spring, 26SS, ALL, FEMALE, Skirts",2026-02-26T00:32:04Z,ACTIVE,https://fairliar.jp/products/fs6sk06fcr,Apparel & Accessories > Clothing > Skirts,4.77234E+13,S,FS6SK06FCRS,1.9241E+12,290
9.22293E+12,fs6sk06fcr,Folded A-line skirt (Cream),Fairliar USA,Skirt,"26SPR D2, 26Spring, 26SS, ALL, FEMALE, Skirts",2026-02-26T00:32:04Z,ACTIVE,https://fairliar.jp/products/fs6sk06fcr,Apparel & Accessories > Clothing > Skirts,4.77234E+13,XS,FS6SK06FCRXS,1.9241E+12,290
9.22293E+12,fs6sk10fbk,Lucé Flare Skirt (Black),Fairliar USA,Skirt,"26SPR D2, 26Spring, 26SS, A-LINE, ALL, FEMALE, Skirts",2026-02-26T00:30:34Z,ACTIVE,https://fairliar.jp/products/fs6sk10fbk,Apparel & Accessories > Clothing > Skirts,4.77234E+13,2XS,FS6SK10FBK2XS,1.9241E+12,235
9.22293E+12,fs6sk10fbk,Lucé Flare Skirt (Black),Fairliar USA,Skirt,"26SPR D2, 26Spring, 26SS, A-LINE, ALL, FEMALE, Skirts",2026-02-26T00:30:34Z,ACTIVE,https://fairliar.jp/products/fs6sk10fbk,Apparel & Accessories > Clothing > Skirts,4.77234E+13,L,FS6SK10FBKL,1.9241E+12,235
9.22293E+12,fs6sk10fbk,Lucé Flare Skirt (Black),Fairliar USA,Skirt,"26SPR D2, 26Spring, 26SS, A-LINE, ALL, FEMALE, Skirts",2026-02-26T00:30:34Z,ACTIVE,https://fairliar.jp/products/fs6sk10fbk,Apparel & Accessories > Clothing > Skirts,4.77234E+13,M,FS6SK10FBKM,1.9241E+12,235
9.22293E+12,fs6sk10fbk,Lucé Flare Skirt (Black),Fairliar USA,Skirt,"26SPR D2, 26Spring, 26SS, A-LINE, ALL, FEMALE, Skirts",2026-02-26T00:30:34Z,ACTIVE,https://fairliar.jp/products/fs6sk10fbk,Apparel & Accessories > Clothing > Skirts,4.77234E+13,S,FS6SK10FBKS,1.9241E+12,235
9.22293E+12,fs6sk10fbk,Lucé Flare Skirt (Black),Fairliar USA,Skirt,"26SPR D2, 26Spring, 26SS, A-LINE, ALL, FEMALE, Skirts",2026-02-26T00:30:34Z,ACTIVE,https://fairliar.jp/products/fs6sk10fbk,Apparel & Accessories > Clothing > Skirts,4.77234E+13,XS,FS6SK10FBKXS,1.9241E+12,235
9.22293E+12,fs6sk10fco,Lucé Flare Skirt (Cocoa),Fairliar USA,Skirt,"26SPR D2, 26Spring, 26SS, A-LINE, ALL, FEMALE, Skirts",2026-02-26T00:30:29Z,ACTIVE,https://fairliar.jp/products/fs6sk10fco,Apparel & Accessories > Clothing > Skirts,4.77234E+13,2XS,FS6SK10FCO2XS,1.9241E+12,235
9.22293E+12,fs6sk10fco,Lucé Flare Skirt (Cocoa),Fairliar USA,Skirt,"26SPR D2, 26Spring, 26SS, A-LINE, ALL, FEMALE, Skirts",2026-02-26T00:30:29Z,ACTIVE,https://fairliar.jp/products/fs6sk10fco,Apparel & Accessories > Clothing > Skirts,4.77234E+13,L,FS6SK10FCOL,1.9241E+12,235
9.22293E+12,fs6sk10fco,Lucé Flare Skirt (Cocoa),Fairliar USA,Skirt,"26SPR D2, 26Spring, 26SS, A-LINE, ALL, FEMALE, Skirts",2026-02-26T00:30:29Z,ACTIVE,https://fairliar.jp/products/fs6sk10fco,Apparel & Accessories > Clothing > Skirts,4.77234E+13,M,FS6SK10FCOM,1.9241E+12,235
9.22293E+12,fs6sk10fco,Lucé Flare Skirt (Cocoa),Fairliar USA,Skirt,"26SPR D2, 26Spring, 26SS, A-LINE, ALL, FEMALE, Skirts",2026-02-26T00:30:29Z,ACTIVE,https://fairliar.jp/products/fs6sk10fco,Apparel & Accessories > Clothing > Skirts,4.77234E+13,S,FS6SK10FCOS,1.9241E+12,235
9.22293E+12,fs6sk10fco,Lucé Flare Skirt (Cocoa),Fairliar USA,Skirt,"26SPR D2, 26Spring, 26SS, A-LINE, ALL, FEMALE, Skirts",2026-02-26T00:30:29Z,ACTIVE,https://fairliar.jp/products/fs6sk10fco,Apparel & Accessories > Clothing > Skirts,4.77234E+13,XS,FS6SK10FCOXS,1.9241E+12,235
9.22293E+12,fs6sk10fmt,Lucé Flare Skirt (Mint),Fairliar USA,Skirt,"26SPR D2, 26Spring, 26SS, A-LINE, ALL, FEMALE, Skirts",2026-02-26T00:30:42Z,ACTIVE,https://fairliar.jp/products/fs6sk10fmt,Apparel & Accessories > Clothing > Skirts,4.77234E+13,2XS,FS6SK10FMT2XS,1.9241E+12,235
9.22293E+12,fs6sk10fmt,Lucé Flare Skirt (Mint),Fairliar USA,Skirt,"26SPR D2, 26Spring, 26SS, A-LINE, ALL, FEMALE, Skirts",2026-02-26T00:30:42Z,ACTIVE,https://fairliar.jp/products/fs6sk10fmt,Apparel & Accessories > Clothing > Skirts,4.77234E+13,L,FS6SK10FMTL,1.9241E+12,235
9.22293E+12,fs6sk10fmt,Lucé Flare Skirt (Mint),Fairliar USA,Skirt,"26SPR D2, 26Spring, 26SS, A-LINE, ALL, FEMALE, Skirts",2026-02-26T00:30:42Z,ACTIVE,https://fairliar.jp/products/fs6sk10fmt,Apparel & Accessories > Clothing > Skirts,4.77234E+13,M,FS6SK10FMTM,1.9241E+12,235
9.22293E+12,fs6sk10fmt,Lucé Flare Skirt (Mint),Fairliar USA,Skirt,"26SPR D2, 26Spring, 26SS, A-LINE, ALL, FEMALE, Skirts",2026-02-26T00:30:42Z,ACTIVE,https://fairliar.jp/products/fs6sk10fmt,Apparel & Accessories > Clothing > Skirts,4.77234E+13,S,FS6SK10FMTS,1.9241E+12,235
9.22293E+12,fs6sk10fmt,Lucé Flare Skirt (Mint),Fairliar USA,Skirt,"26SPR D2, 26Spring, 26SS, A-LINE, ALL, FEMALE, Skirts",2026-02-26T00:30:42Z,ACTIVE,https://fairliar.jp/products/fs6sk10fmt,Apparel & Accessories > Clothing > Skirts,4.77234E+13,XS,FS6SK10FMTXS,1.9241E+12,235
9.22293E+12,fs6sk10fwh,Lucé Flare Skirt (White),Fairliar USA,Skirt,"26SPR D2, 26Spring, 26SS, A-LINE, ALL, FEMALE, Skirts",2026-02-26T00:30:24Z,ACTIVE,https://fairliar.jp/products/fs6sk10fwh,Apparel & Accessories > Clothing > Skirts,4.77234E+13,2XS,FS6SK10FWH2XS,1.9241E+12,235
9.22293E+12,fs6sk10fwh,Lucé Flare Skirt (White),Fairliar USA,Skirt,"26SPR D2, 26Spring, 26SS, A-LINE, ALL, FEMALE, Skirts",2026-02-26T00:30:24Z,ACTIVE,https://fairliar.jp/products/fs6sk10fwh,Apparel & Accessories > Clothing > Skirts,4.77234E+13,L,FS6SK10FWHL,1.9241E+12,235
9.22293E+12,fs6sk10fwh,Lucé Flare Skirt (White),Fairliar USA,Skirt,"26SPR D2, 26Spring, 26SS, A-LINE, ALL, FEMALE, Skirts",2026-02-26T00:30:24Z,ACTIVE,https://fairliar.jp/products/fs6sk10fwh,Apparel & Accessories > Clothing > Skirts,4.77234E+13,M,FS6SK10FWHM,1.9241E+12,235
9.22293E+12,fs6sk10fwh,Lucé Flare Skirt (White),Fairliar USA,Skirt,"26SPR D2, 26Spring, 26SS, A-LINE, ALL, FEMALE, Skirts",2026-02-26T00:30:24Z,ACTIVE,https://fairliar.jp/products/fs6sk10fwh,Apparel & Accessories > Clothing > Skirts,4.77234E+13,S,FS6SK10FWHS,1.9241E+12,235
9.22293E+12,fs6sk10fwh,Lucé Flare Skirt (White),Fairliar USA,Skirt,"26SPR D2, 26Spring, 26SS, A-LINE, ALL, FEMALE, Skirts",2026-02-26T00:30:24Z,ACTIVE,https://fairliar.jp/products/fs6sk10fwh,Apparel & Accessories > Clothing > Skirts,4.77234E+13,XS,FS6SK10FWHXS,1.9241E+12,235
9.22293E+12,fs6sk15fca,Pique Pleated Skirt (Coral),Fairliar USA,Skirt,"26SPR D2, 26Spring, 26SS, A-LINE, ALL, FEMALE, Skirts",2026-02-26T00:29:16Z,ACTIVE,https://fairliar.jp/products/fs6sk15fca,Apparel & Accessories > Clothing > Skirts,4.77234E+13,2XS,FS6SK15FCA2XS,1.9241E+12,217
9.22293E+12,fs6sk15fca,Pique Pleated Skirt (Coral),Fairliar USA,Skirt,"26SPR D2, 26Spring, 26SS, A-LINE, ALL, FEMALE, Skirts",2026-02-26T00:29:16Z,ACTIVE,https://fairliar.jp/products/fs6sk15fca,Apparel & Accessories > Clothing > Skirts,4.77234E+13,L,FS6SK15FCAL,1.9241E+12,217
9.22293E+12,fs6sk15fca,Pique Pleated Skirt (Coral),Fairliar USA,Skirt,"26SPR D2, 26Spring, 26SS, A-LINE, ALL, FEMALE, Skirts",2026-02-26T00:29:16Z,ACTIVE,https://fairliar.jp/products/fs6sk15fca,Apparel & Accessories > Clothing > Skirts,4.77234E+13,M,FS6SK15FCAM,1.9241E+12,217
9.22293E+12,fs6sk15fca,Pique Pleated Skirt (Coral),Fairliar USA,Skirt,"26SPR D2, 26Spring, 26SS, A-LINE, ALL, FEMALE, Skirts",2026-02-26T00:29:16Z,ACTIVE,https://fairliar.jp/products/fs6sk15fca,Apparel & Accessories > Clothing > Skirts,4.77234E+13,S,FS6SK15FCAS,1.9241E+12,217
9.22293E+12,fs6sk15fca,Pique Pleated Skirt (Coral),Fairliar USA,Skirt,"26SPR D2, 26Spring, 26SS, A-LINE, ALL, FEMALE, Skirts",2026-02-26T00:29:16Z,ACTIVE,https://fairliar.jp/products/fs6sk15fca,Apparel & Accessories > Clothing > Skirts,4.77234E+13,XS,FS6SK15FCAXS,1.9241E+12,217
9.22293E+12,fs6sk15fmt,Pique Pleated Skirt (Mint),Fairliar USA,Skirt,"26SPR D2, 26Spring, 26SS, A-LINE, ALL, FEMALE, Skirts",2026-02-26T00:29:05Z,ACTIVE,https://fairliar.jp/products/fs6sk15fmt,Apparel & Accessories > Clothing > Skirts,4.77234E+13,2XS,FS6SK15FMT2XS,1.9241E+12,217
9.22293E+12,fs6sk15fmt,Pique Pleated Skirt (Mint),Fairliar USA,Skirt,"26SPR D2, 26Spring, 26SS, A-LINE, ALL, FEMALE, Skirts",2026-02-26T00:29:05Z,ACTIVE,https://fairliar.jp/products/fs6sk15fmt,Apparel & Accessories > Clothing > Skirts,4.77234E+13,L,FS6SK15FMTL,1.9241E+12,217
9.22293E+12,fs6sk15fmt,Pique Pleated Skirt (Mint),Fairliar USA,Skirt,"26SPR D2, 26Spring, 26SS, A-LINE, ALL, FEMALE, Skirts",2026-02-26T00:29:05Z,ACTIVE,https://fairliar.jp/products/fs6sk15fmt,Apparel & Accessories > Clothing > Skirts,4.77234E+13,M,FS6SK15FMTM,1.9241E+12,217
9.22293E+12,fs6sk15fmt,Pique Pleated Skirt (Mint),Fairliar USA,Skirt,"26SPR D2, 26Spring, 26SS, A-LINE, ALL, FEMALE, Skirts",2026-02-26T00:29:05Z,ACTIVE,https://fairliar.jp/products/fs6sk15fmt,Apparel & Accessories > Clothing > Skirts,4.77234E+13,S,FS6SK15FMTS,1.9241E+12,217
9.22293E+12,fs6sk15fmt,Pique Pleated Skirt (Mint),Fairliar USA,Skirt,"26SPR D2, 26Spring, 26SS, A-LINE, ALL, FEMALE, Skirts",2026-02-26T00:29:05Z,ACTIVE,https://fairliar.jp/products/fs6sk15fmt,Apparel & Accessories > Clothing > Skirts,4.77234E+13,XS,FS6SK15FMTXS,1.9241E+12,217
9.22293E+12,fs6sw01fbk,Chiffon Ribbon Cap Sleeve knit (Black),Fairliar USA,Top,"26SPR D2, 26Spring, 26SS, ALL, FEMALE, Sweaters, Tops",2026-02-26T00:27:44Z,ACTIVE,https://fairliar.jp/products/fs6sw01fbk,Apparel & Accessories > Clothing > Clothing Tops > Sweaters,4.77234E+13,L,FS6SW01FBKL,1.9241E+12,308
9.22293E+12,fs6sw01fbk,Chiffon Ribbon Cap Sleeve knit (Black),Fairliar USA,Top,"26SPR D2, 26Spring, 26SS, ALL, FEMALE, Sweaters, Tops",2026-02-26T00:27:44Z,ACTIVE,https://fairliar.jp/products/fs6sw01fbk,Apparel & Accessories > Clothing > Clothing Tops > Sweaters,4.77234E+13,M,FS6SW01FBKM,1.9241E+12,308
9.22293E+12,fs6sw01fbk,Chiffon Ribbon Cap Sleeve knit (Black),Fairliar USA,Top,"26SPR D2, 26Spring, 26SS, ALL, FEMALE, Sweaters, Tops",2026-02-26T00:27:44Z,ACTIVE,https://fairliar.jp/products/fs6sw01fbk,Apparel & Accessories > Clothing > Clothing Tops > Sweaters,4.77234E+13,S,FS6SW01FBKS,1.9241E+12,308
9.22293E+12,fs6sw01fbk,Chiffon Ribbon Cap Sleeve knit (Black),Fairliar USA,Top,"26SPR D2, 26Spring, 26SS, ALL, FEMALE, Sweaters, Tops",2026-02-26T00:27:44Z,ACTIVE,https://fairliar.jp/products/fs6sw01fbk,Apparel & Accessories > Clothing > Clothing Tops > Sweaters,4.77234E+13,XS,FS6SW01FBKXS,1.9241E+12,308
9.22293E+12,fs6sw01fwh,Chiffon Ribbon Cap Sleeve knit (White),Fairliar USA,Top,"26SPR D2, 26Spring, 26SS, ALL, FEMALE, Sweaters, Tops",2026-02-26T00:27:27Z,ACTIVE,https://fairliar.jp/products/fs6sw01fwh,Apparel & Accessories > Clothing > Clothing Tops > Sweaters,4.77234E+13,L,FS6SW01FWHL,1.9241E+12,308
9.22293E+12,fs6sw01fwh,Chiffon Ribbon Cap Sleeve knit (White),Fairliar USA,Top,"26SPR D2, 26Spring, 26SS, ALL, FEMALE, Sweaters, Tops",2026-02-26T00:27:27Z,ACTIVE,https://fairliar.jp/products/fs6sw01fwh,Apparel & Accessories > Clothing > Clothing Tops > Sweaters,4.77234E+13,M,FS6SW01FWHM,1.9241E+12,308
9.22293E+12,fs6sw01fwh,Chiffon Ribbon Cap Sleeve knit (White),Fairliar USA,Top,"26SPR D2, 26Spring, 26SS, ALL, FEMALE, Sweaters, Tops",2026-02-26T00:27:27Z,ACTIVE,https://fairliar.jp/products/fs6sw01fwh,Apparel & Accessories > Clothing > Clothing Tops > Sweaters,4.77234E+13,S,FS6SW01FWHS,1.9241E+12,308
9.22293E+12,fs6sw01fwh,Chiffon Ribbon Cap Sleeve knit (White),Fairliar USA,Top,"26SPR D2, 26Spring, 26SS, ALL, FEMALE, Sweaters, Tops",2026-02-26T00:27:27Z,ACTIVE,https://fairliar.jp/products/fs6sw01fwh,Apparel & Accessories > Clothing > Clothing Tops > Sweaters,4.77234E+13,XS,FS6SW01FWHXS,1.9241E+12,308
9.22293E+12,fs6sw03fca,Ribbed Quarter Sleeve Knit (Coral),Fairliar USA,Top,"26SPR D2, 26Spring, 26SS, ALL, FEMALE, Sweaters, Tops",2026-02-26T00:25:16Z,ACTIVE,https://fairliar.jp/products/fs6sw03fca,Apparel & Accessories > Clothing > Clothing Tops > Sweaters,4.77234E+13,L,FS6SW03FCAL,1.9241E+12,308
9.22293E+12,fs6sw03fca,Ribbed Quarter Sleeve Knit (Coral),Fairliar USA,Top,"26SPR D2, 26Spring, 26SS, ALL, FEMALE, Sweaters, Tops",2026-02-26T00:25:16Z,ACTIVE,https://fairliar.jp/products/fs6sw03fca,Apparel & Accessories > Clothing > Clothing Tops > Sweaters,4.77234E+13,M,FS6SW03FCAM,1.9241E+12,308
9.22293E+12,fs6sw03fca,Ribbed Quarter Sleeve Knit (Coral),Fairliar USA,Top,"26SPR D2, 26Spring, 26SS, ALL, FEMALE, Sweaters, Tops",2026-02-26T00:25:16Z,ACTIVE,https://fairliar.jp/products/fs6sw03fca,Apparel & Accessories > Clothing > Clothing Tops > Sweaters,4.77234E+13,S,FS6SW03FCAS,1.9241E+12,308
9.22293E+12,fs6sw03fca,Ribbed Quarter Sleeve Knit (Coral),Fairliar USA,Top,"26SPR D2, 26Spring, 26SS, ALL, FEMALE, Sweaters, Tops",2026-02-26T00:25:16Z,ACTIVE,https://fairliar.jp/products/fs6sw03fca,Apparel & Accessories > Clothing > Clothing Tops > Sweaters,4.77234E+13,XS,FS6SW03FCAXS,1.9241E+12,308
9.22293E+12,fs6sw03fwh,Ribbed Quarter Sleeve Knit (White),Fairliar USA,Top,"26SPR D2, 26Spring, 26SS, ALL, FEMALE, Sweaters, Tops",2026-02-26T00:25:12Z,ACTIVE,https://fairliar.jp/products/fs6sw03fwh,Apparel & Accessories > Clothing > Clothing Tops > Sweaters,4.77234E+13,L,FS6SW03FWHL,1.9241E+12,308
9.22293E+12,fs6sw03fwh,Ribbed Quarter Sleeve Knit (White),Fairliar USA,Top,"26SPR D2, 26Spring, 26SS, ALL, FEMALE, Sweaters, Tops",2026-02-26T00:25:12Z,ACTIVE,https://fairliar.jp/products/fs6sw03fwh,Apparel & Accessories > Clothing > Clothing Tops > Sweaters,4.77234E+13,M,FS6SW03FWHM,1.9241E+12,308
9.22293E+12,fs6sw03fwh,Ribbed Quarter Sleeve Knit (White),Fairliar USA,Top,"26SPR D2, 26Spring, 26SS, ALL, FEMALE, Sweaters, Tops",2026-02-26T00:25:12Z,ACTIVE,https://fairliar.jp/products/fs6sw03fwh,Apparel & Accessories > Clothing > Clothing Tops > Sweaters,4.77234E+13,S,FS6SW03FWHS,1.9241E+12,308
9.22293E+12,fs6sw03fwh,Ribbed Quarter Sleeve Knit (White),Fairliar USA,Top,"26SPR D2, 26Spring, 26SS, ALL, FEMALE, Sweaters, Tops",2026-02-26T00:25:12Z,ACTIVE,https://fairliar.jp/products/fs6sw03fwh,Apparel & Accessories > Clothing > Clothing Tops > Sweaters,4.77234E+13,XS,FS6SW03FWHXS,1.9241E+12,308
9.22293E+12,fs6ts02fbk,Lucé Halter Sleeveless T-Shirt (Black),Fairliar USA,Top,"26SPR D2, 26Spring, 26SS, A-LINE, ALL, FEMALE, T-Shirts, Tops",2026-02-26T00:24:09Z,ACTIVE,https://fairliar.jp/products/fs6ts02fbk,Apparel & Accessories > Clothing > Clothing Tops > T-Shirts,4.77234E+13,L,FS6TS02FBKL,1.9241E+12,199
9.22293E+12,fs6ts02fbk,Lucé Halter Sleeveless T-Shirt (Black),Fairliar USA,Top,"26SPR D2, 26Spring, 26SS, A-LINE, ALL, FEMALE, T-Shirts, Tops",2026-02-26T00:24:09Z,ACTIVE,https://fairliar.jp/products/fs6ts02fbk,Apparel & Accessories > Clothing > Clothing Tops > T-Shirts,4.77234E+13,M,FS6TS02FBKM,1.9241E+12,199
9.22293E+12,fs6ts02fbk,Lucé Halter Sleeveless T-Shirt (Black),Fairliar USA,Top,"26SPR D2, 26Spring, 26SS, A-LINE, ALL, FEMALE, T-Shirts, Tops",2026-02-26T00:24:09Z,ACTIVE,https://fairliar.jp/products/fs6ts02fbk,Apparel & Accessories > Clothing > Clothing Tops > T-Shirts,4.77234E+13,S,FS6TS02FBKS,1.9241E+12,199
9.22293E+12,fs6ts02fbk,Lucé Halter Sleeveless T-Shirt (Black),Fairliar USA,Top,"26SPR D2, 26Spring, 26SS, A-LINE, ALL, FEMALE, T-Shirts, Tops",2026-02-26T00:24:09Z,ACTIVE,https://fairliar.jp/products/fs6ts02fbk,Apparel & Accessories > Clothing > Clothing Tops > T-Shirts,4.77234E+13,XS,FS6TS02FBKXS,1.9241E+12,199
9.22293E+12,fs6ts02fco,Lucé Halter Sleeveless T-Shirt (Cocoa),Fairliar USA,Top,"26SPR D2, 26Spring, 26SS, A-LINE, ALL, FEMALE, T-Shirts, Tops",2026-02-26T00:22:50Z,ACTIVE,https://fairliar.jp/products/fs6ts02fco,Apparel & Accessories > Clothing > Clothing Tops > T-Shirts,4.77234E+13,L,FS6TS02FCOL,1.9241E+12,199
9.22293E+12,fs6ts02fco,Lucé Halter Sleeveless T-Shirt (Cocoa),Fairliar USA,Top,"26SPR D2, 26Spring, 26SS, A-LINE, ALL, FEMALE, T-Shirts, Tops",2026-02-26T00:22:50Z,ACTIVE,https://fairliar.jp/products/fs6ts02fco,Apparel & Accessories > Clothing > Clothing Tops > T-Shirts,4.77234E+13,M,FS6TS02FCOM,1.9241E+12,199
9.22293E+12,fs6ts02fco,Lucé Halter Sleeveless T-Shirt (Cocoa),Fairliar USA,Top,"26SPR D2, 26Spring, 26SS, A-LINE, ALL, FEMALE, T-Shirts, Tops",2026-02-26T00:22:50Z,ACTIVE,https://fairliar.jp/products/fs6ts02fco,Apparel & Accessories > Clothing > Clothing Tops > T-Shirts,4.77234E+13,S,FS6TS02FCOS,1.9241E+12,199
9.22293E+12,fs6ts02fco,Lucé Halter Sleeveless T-Shirt (Cocoa),Fairliar USA,Top,"26SPR D2, 26Spring, 26SS, A-LINE, ALL, FEMALE, T-Shirts, Tops",2026-02-26T00:22:50Z,ACTIVE,https://fairliar.jp/products/fs6ts02fco,Apparel & Accessories > Clothing > Clothing Tops > T-Shirts,4.77234E+13,XS,FS6TS02FCOXS,1.9241E+12,199
9.22293E+12,fs6ts02fmt,Lucé Halter Sleeveless T-Shirt (Mint),Fairliar USA,Top,"26SPR D2, 26Spring, 26SS, A-LINE, ALL, FEMALE, T-Shirts, Tops",2026-02-26T00:19:40Z,ACTIVE,https://fairliar.jp/products/fs6ts02fmt,Apparel & Accessories > Clothing > Clothing Tops > T-Shirts,4.77234E+13,L,FS6TS02FMTL,1.9241E+12,199
9.22293E+12,fs6ts02fmt,Lucé Halter Sleeveless T-Shirt (Mint),Fairliar USA,Top,"26SPR D2, 26Spring, 26SS, A-LINE, ALL, FEMALE, T-Shirts, Tops",2026-02-26T00:19:40Z,ACTIVE,https://fairliar.jp/products/fs6ts02fmt,Apparel & Accessories > Clothing > Clothing Tops > T-Shirts,4.77234E+13,M,FS6TS02FMTM,1.9241E+12,199
9.22293E+12,fs6ts02fmt,Lucé Halter Sleeveless T-Shirt (Mint),Fairliar USA,Top,"26SPR D2, 26Spring, 26SS, A-LINE, ALL, FEMALE, T-Shirts, Tops",2026-02-26T00:19:40Z,ACTIVE,https://fairliar.jp/products/fs6ts02fmt,Apparel & Accessories > Clothing > Clothing Tops > T-Shirts,4.77234E+13,S,FS6TS02FMTS,1.9241E+12,199
9.22293E+12,fs6ts02fmt,Lucé Halter Sleeveless T-Shirt (Mint),Fairliar USA,Top,"26SPR D2, 26Spring, 26SS, A-LINE, ALL, FEMALE, T-Shirts, Tops",2026-02-26T00:19:40Z,ACTIVE,https://fairliar.jp/products/fs6ts02fmt,Apparel & Accessories > Clothing > Clothing Tops > T-Shirts,4.77234E+13,XS,FS6TS02FMTXS,1.9241E+12,199
9.22293E+12,fs6ts02fwh,Lucé Halter Sleeveless T-Shirt (White),Fairliar USA,Top,"26SPR D2, 26Spring, 26SS, A-LINE, ALL, FEMALE, T-Shirts, Tops",2026-02-26T00:19:22Z,ACTIVE,https://fairliar.jp/products/fs6ts02fwh,Apparel & Accessories > Clothing > Clothing Tops > T-Shirts,4.77234E+13,L,FS6TS02FWHL,1.9241E+12,199
9.22293E+12,fs6ts02fwh,Lucé Halter Sleeveless T-Shirt (White),Fairliar USA,Top,"26SPR D2, 26Spring, 26SS, A-LINE, ALL, FEMALE, T-Shirts, Tops",2026-02-26T00:19:22Z,ACTIVE,https://fairliar.jp/products/fs6ts02fwh,Apparel & Accessories > Clothing > Clothing Tops > T-Shirts,4.77234E+13,M,FS6TS02FWHM,1.9241E+12,199
9.22293E+12,fs6ts02fwh,Lucé Halter Sleeveless T-Shirt (White),Fairliar USA,Top,"26SPR D2, 26Spring, 26SS, A-LINE, ALL, FEMALE, T-Shirts, Tops",2026-02-26T00:19:22Z,ACTIVE,https://fairliar.jp/products/fs6ts02fwh,Apparel & Accessories > Clothing > Clothing Tops > T-Shirts,4.77234E+13,S,FS6TS02FWHS,1.9241E+12,199
9.22293E+12,fs6ts02fwh,Lucé Halter Sleeveless T-Shirt (White),Fairliar USA,Top,"26SPR D2, 26Spring, 26SS, A-LINE, ALL, FEMALE, T-Shirts, Tops",2026-02-26T00:19:22Z,ACTIVE,https://fairliar.jp/products/fs6ts02fwh,Apparel & Accessories > Clothing > Clothing Tops > T-Shirts,4.77234E+13,XS,FS6TS02FWHXS,1.9241E+12,199
9.22293E+12,fs6ts05fbk,Scarf Set Open-neck T-Shirt (Black),Fairliar USA,Top,"26SPR D2, 26Spring, 26SS, ALL, FEMALE, T-Shirts, Tops",2026-02-26T00:17:58Z,ACTIVE,https://fairliar.jp/products/fs6ts05fbk,Apparel & Accessories > Clothing > Clothing Tops > T-Shirts,4.77234E+13,L,FS6TS05FBKL,1.9241E+12,271
9.22293E+12,fs6ts05fbk,Scarf Set Open-neck T-Shirt (Black),Fairliar USA,Top,"26SPR D2, 26Spring, 26SS, ALL, FEMALE, T-Shirts, Tops",2026-02-26T00:17:58Z,ACTIVE,https://fairliar.jp/products/fs6ts05fbk,Apparel & Accessories > Clothing > Clothing Tops > T-Shirts,4.77234E+13,M,FS6TS05FBKM,1.9241E+12,271
9.22293E+12,fs6ts05fbk,Scarf Set Open-neck T-Shirt (Black),Fairliar USA,Top,"26SPR D2, 26Spring, 26SS, ALL, FEMALE, T-Shirts, Tops",2026-02-26T00:17:58Z,ACTIVE,https://fairliar.jp/products/fs6ts05fbk,Apparel & Accessories > Clothing > Clothing Tops > T-Shirts,4.77234E+13,S,FS6TS05FBKS,1.9241E+12,271
9.22293E+12,fs6ts05fbk,Scarf Set Open-neck T-Shirt (Black),Fairliar USA,Top,"26SPR D2, 26Spring, 26SS, ALL, FEMALE, T-Shirts, Tops",2026-02-26T00:17:58Z,ACTIVE,https://fairliar.jp/products/fs6ts05fbk,Apparel & Accessories > Clothing > Clothing Tops > T-Shirts,4.77234E+13,XS,FS6TS05FBKXS,1.9241E+12,271
9.22293E+12,fs6ts05fwh,Scarf Set Open-neck T-Shirt (White),Fairliar USA,Top,"26SPR D2, 26Spring, 26SS, ALL, FEMALE, T-Shirts, Tops",2026-02-26T00:14:37Z,ACTIVE,https://fairliar.jp/products/fs6ts05fwh,Apparel & Accessories > Clothing > Clothing Tops > T-Shirts,4.77234E+13,L,FS6TS05FWHL,1.9241E+12,271
9.22293E+12,fs6ts05fwh,Scarf Set Open-neck T-Shirt (White),Fairliar USA,Top,"26SPR D2, 26Spring, 26SS, ALL, FEMALE, T-Shirts, Tops",2026-02-26T00:14:37Z,ACTIVE,https://fairliar.jp/products/fs6ts05fwh,Apparel & Accessories > Clothing > Clothing Tops > T-Shirts,4.77234E+13,M,FS6TS05FWHM,1.9241E+12,271
9.22293E+12,fs6ts05fwh,Scarf Set Open-neck T-Shirt (White),Fairliar USA,Top,"26SPR D2, 26Spring, 26SS, ALL, FEMALE, T-Shirts, Tops",2026-02-26T00:14:37Z,ACTIVE,https://fairliar.jp/products/fs6ts05fwh,Apparel & Accessories > Clothing > Clothing Tops > T-Shirts,4.77234E+13,S,FS6TS05FWHS,1.9241E+12,271
9.22293E+12,fs6ts05fwh,Scarf Set Open-neck T-Shirt (White),Fairliar USA,Top,"26SPR D2, 26Spring, 26SS, ALL, FEMALE, T-Shirts, Tops",2026-02-26T00:14:37Z,ACTIVE,https://fairliar.jp/products/fs6ts05fwh,Apparel & Accessories > Clothing > Clothing Tops > T-Shirts,4.77234E+13,XS,FS6TS05FWHXS,1.9241E+12,271
9.22293E+12,fs6ts08fbk,Ribbon High Neck Seven-Button T-Shirt (Black),Fairliar USA,Top,"26SPR D2, 26Spring, 26SS, ALL, FEMALE, T-Shirts, Tops",2026-02-26T00:07:10Z,ACTIVE,https://fairliar.jp/products/fs6ts08fbk,Apparel & Accessories > Clothing > Clothing Tops > T-Shirts,4.77234E+13,L,FS6TS08FBKL,1.9241E+12,253
9.22293E+12,fs6ts08fbk,Ribbon High Neck Seven-Button T-Shirt (Black),Fairliar USA,Top,"26SPR D2, 26Spring, 26SS, ALL, FEMALE, T-Shirts, Tops",2026-02-26T00:07:10Z,ACTIVE,https://fairliar.jp/products/fs6ts08fbk,Apparel & Accessories > Clothing > Clothing Tops > T-Shirts,4.77234E+13,M,FS6TS08FBKM,1.9241E+12,253
9.22293E+12,fs6ts08fbk,Ribbon High Neck Seven-Button T-Shirt (Black),Fairliar USA,Top,"26SPR D2, 26Spring, 26SS, ALL, FEMALE, T-Shirts, Tops",2026-02-26T00:07:10Z,ACTIVE,https://fairliar.jp/products/fs6ts08fbk,Apparel & Accessories > Clothing > Clothing Tops > T-Shirts,4.77234E+13,S,FS6TS08FBKS,1.9241E+12,253
9.22293E+12,fs6ts08fbk,Ribbon High Neck Seven-Button T-Shirt (Black),Fairliar USA,Top,"26SPR D2, 26Spring, 26SS, ALL, FEMALE, T-Shirts, Tops",2026-02-26T00:07:10Z,ACTIVE,https://fairliar.jp/products/fs6ts08fbk,Apparel & Accessories > Clothing > Clothing Tops > T-Shirts,4.77234E+13,XS,FS6TS08FBKXS,1.9241E+12,253
9.22293E+12,fs6ts08fwh,Ribbon High Neck Seven-Button T-Shirt (White),Fairliar USA,Top,"26SPR D2, 26Spring, 26SS, ALL, FEMALE, T-Shirts, Tops",2026-02-26T00:06:23Z,ACTIVE,https://fairliar.jp/products/fs6ts08fwh,Apparel & Accessories > Clothing > Clothing Tops > T-Shirts,4.77234E+13,L,FS6TS08FWHL,1.9241E+12,253
9.22293E+12,fs6ts08fwh,Ribbon High Neck Seven-Button T-Shirt (White),Fairliar USA,Top,"26SPR D2, 26Spring, 26SS, ALL, FEMALE, T-Shirts, Tops",2026-02-26T00:06:23Z,ACTIVE,https://fairliar.jp/products/fs6ts08fwh,Apparel & Accessories > Clothing > Clothing Tops > T-Shirts,4.77234E+13,M,FS6TS08FWHM,1.9241E+12,253
9.22293E+12,fs6ts08fwh,Ribbon High Neck Seven-Button T-Shirt (White),Fairliar USA,Top,"26SPR D2, 26Spring, 26SS, ALL, FEMALE, T-Shirts, Tops",2026-02-26T00:06:23Z,ACTIVE,https://fairliar.jp/products/fs6ts08fwh,Apparel & Accessories > Clothing > Clothing Tops > T-Shirts,4.77234E+13,S,FS6TS08FWHS,1.9241E+12,253
9.22293E+12,fs6ts08fwh,Ribbon High Neck Seven-Button T-Shirt (White),Fairliar USA,Top,"26SPR D2, 26Spring, 26SS, ALL, FEMALE, T-Shirts, Tops",2026-02-26T00:06:23Z,ACTIVE,https://fairliar.jp/products/fs6ts08fwh,Apparel & Accessories > Clothing > Clothing Tops > T-Shirts,4.77234E+13,XS,FS6TS08FWHXS,1.9241E+12,253
9.22293E+12,fs6ts09fbk,Frill Sleeve Cooling Inner T-shirt (Black),Fairliar USA,Top,"26SPR D2, 26Spring, 26SS, ALL, FEMALE, T-Shirts, Tops",2026-02-26T00:03:48Z,ACTIVE,https://fairliar.jp/products/fs6ts09fbk,Apparel & Accessories > Clothing > Clothing Tops > T-Shirts,4.77234E+13,L,FS6TS09FBKL,1.9241E+12,144
9.22293E+12,fs6ts09fbk,Frill Sleeve Cooling Inner T-shirt (Black),Fairliar USA,Top,"26SPR D2, 26Spring, 26SS, ALL, FEMALE, T-Shirts, Tops",2026-02-26T00:03:48Z,ACTIVE,https://fairliar.jp/products/fs6ts09fbk,Apparel & Accessories > Clothing > Clothing Tops > T-Shirts,4.77234E+13,M,FS6TS09FBKM,1.9241E+12,144
9.22293E+12,fs6ts09fbk,Frill Sleeve Cooling Inner T-shirt (Black),Fairliar USA,Top,"26SPR D2, 26Spring, 26SS, ALL, FEMALE, T-Shirts, Tops",2026-02-26T00:03:48Z,ACTIVE,https://fairliar.jp/products/fs6ts09fbk,Apparel & Accessories > Clothing > Clothing Tops > T-Shirts,4.77234E+13,S,FS6TS09FBKS,1.9241E+12,144
9.22293E+12,fs6ts09fbk,Frill Sleeve Cooling Inner T-shirt (Black),Fairliar USA,Top,"26SPR D2, 26Spring, 26SS, ALL, FEMALE, T-Shirts, Tops",2026-02-26T00:03:48Z,ACTIVE,https://fairliar.jp/products/fs6ts09fbk,Apparel & Accessories > Clothing > Clothing Tops > T-Shirts,4.77234E+13,XS,FS6TS09FBKXS,1.9241E+12,144
9.22293E+12,fs6ts09fwh,Frill Sleeve Cooling Inner T-shirt (White),Fairliar USA,Top,"26SPR D2, 26Spring, 26SS, ALL, FEMALE, T-Shirts, Tops",2026-02-26T00:03:14Z,ACTIVE,https://fairliar.jp/products/fs6ts09fwh,Apparel & Accessories > Clothing > Clothing Tops > T-Shirts,4.77234E+13,L,FS6TS09FWHL,1.9241E+12,144
9.22293E+12,fs6ts09fwh,Frill Sleeve Cooling Inner T-shirt (White),Fairliar USA,Top,"26SPR D2, 26Spring, 26SS, ALL, FEMALE, T-Shirts, Tops",2026-02-26T00:03:14Z,ACTIVE,https://fairliar.jp/products/fs6ts09fwh,Apparel & Accessories > Clothing > Clothing Tops > T-Shirts,4.77234E+13,M,FS6TS09FWHM,1.9241E+12,144
9.22293E+12,fs6ts09fwh,Frill Sleeve Cooling Inner T-shirt (White),Fairliar USA,Top,"26SPR D2, 26Spring, 26SS, ALL, FEMALE, T-Shirts, Tops",2026-02-26T00:03:14Z,ACTIVE,https://fairliar.jp/products/fs6ts09fwh,Apparel & Accessories > Clothing > Clothing Tops > T-Shirts,4.77234E+13,S,FS6TS09FWHS,1.9241E+12,144
9.22293E+12,fs6ts09fwh,Frill Sleeve Cooling Inner T-shirt (White),Fairliar USA,Top,"26SPR D2, 26Spring, 26SS, ALL, FEMALE, T-Shirts, Tops",2026-02-26T00:03:14Z,ACTIVE,https://fairliar.jp/products/fs6ts09fwh,Apparel & Accessories > Clothing > Clothing Tops > T-Shirts,4.77234E+13,XS,FS6TS09FWHXS,1.9241E+12,144
9.22293E+12,fs6ts10fbk,Ribbon Point Longsleeve T-shirt (Black),Fairliar USA,Top,"26SPR D2, 26Spring, 26SS, ALL, FEMALE, T-Shirts, Tops",2026-02-26T00:01:23Z,ACTIVE,https://fairliar.jp/products/fs6ts10fbk,Apparel & Accessories > Clothing > Clothing Tops > T-Shirts,4.77234E+13,L,FS6TS10FBKL,1.9241E+12,271
9.22293E+12,fs6ts10fbk,Ribbon Point Longsleeve T-shirt (Black),Fairliar USA,Top,"26SPR D2, 26Spring, 26SS, ALL, FEMALE, T-Shirts, Tops",2026-02-26T00:01:23Z,ACTIVE,https://fairliar.jp/products/fs6ts10fbk,Apparel & Accessories > Clothing > Clothing Tops > T-Shirts,4.77234E+13,M,FS6TS10FBKM,1.9241E+12,271
9.22293E+12,fs6ts10fbk,Ribbon Point Longsleeve T-shirt (Black),Fairliar USA,Top,"26SPR D2, 26Spring, 26SS, ALL, FEMALE, T-Shirts, Tops",2026-02-26T00:01:23Z,ACTIVE,https://fairliar.jp/products/fs6ts10fbk,Apparel & Accessories > Clothing > Clothing Tops > T-Shirts,4.77234E+13,S,FS6TS10FBKS,1.9241E+12,271
9.22293E+12,fs6ts10fbk,Ribbon Point Longsleeve T-shirt (Black),Fairliar USA,Top,"26SPR D2, 26Spring, 26SS, ALL, FEMALE, T-Shirts, Tops",2026-02-26T00:01:23Z,ACTIVE,https://fairliar.jp/products/fs6ts10fbk,Apparel & Accessories > Clothing > Clothing Tops > T-Shirts,4.77234E+13,XS,FS6TS10FBKXS,1.9241E+12,271
9.22293E+12,fs6ts10fca,Ribbon Point Longsleeve T-shirt (Coral),Fairliar USA,Top,"26SPR D2, 26Spring, 26SS, ALL, FEMALE, T-Shirts, Tops",2026-02-26T00:01:10Z,ACTIVE,https://fairliar.jp/products/fs6ts10fca,Apparel & Accessories > Clothing > Clothing Tops > T-Shirts,4.77234E+13,L,FS6TS10FCAL,1.9241E+12,271
9.22293E+12,fs6ts10fca,Ribbon Point Longsleeve T-shirt (Coral),Fairliar USA,Top,"26SPR D2, 26Spring, 26SS, ALL, FEMALE, T-Shirts, Tops",2026-02-26T00:01:10Z,ACTIVE,https://fairliar.jp/products/fs6ts10fca,Apparel & Accessories > Clothing > Clothing Tops > T-Shirts,4.77234E+13,M,FS6TS10FCAM,1.9241E+12,271
9.22293E+12,fs6ts10fca,Ribbon Point Longsleeve T-shirt (Coral),Fairliar USA,Top,"26SPR D2, 26Spring, 26SS, ALL, FEMALE, T-Shirts, Tops",2026-02-26T00:01:10Z,ACTIVE,https://fairliar.jp/products/fs6ts10fca,Apparel & Accessories > Clothing > Clothing Tops > T-Shirts,4.77234E+13,S,FS6TS10FCAS,1.9241E+12,271
9.22293E+12,fs6ts10fca,Ribbon Point Longsleeve T-shirt (Coral),Fairliar USA,Top,"26SPR D2, 26Spring, 26SS, ALL, FEMALE, T-Shirts, Tops",2026-02-26T00:01:10Z,ACTIVE,https://fairliar.jp/products/fs6ts10fca,Apparel & Accessories > Clothing > Clothing Tops > T-Shirts,4.77234E+13,XS,FS6TS10FCAXS,1.9241E+12,271
9.22293E+12,fs6ts10fwh,Ribbon Point Longsleeve T-shirt (White),Fairliar USA,Top,"26SPR D2, 26Spring, 26SS, ALL, FEMALE, T-Shirts, Tops",2026-03-02T07:17:16Z,ACTIVE,https://fairliar.jp/products/fs6ts10fwh,Apparel & Accessories > Clothing > Clothing Tops > T-Shirts,4.77234E+13,L,FS6TS10FWHL,1.9241E+12,271
9.22293E+12,fs6ts10fwh,Ribbon Point Longsleeve T-shirt (White),Fairliar USA,Top,"26SPR D2, 26Spring, 26SS, ALL, FEMALE, T-Shirts, Tops",2026-03-02T07:17:16Z,ACTIVE,https://fairliar.jp/products/fs6ts10fwh,Apparel & Accessories > Clothing > Clothing Tops > T-Shirts,4.77234E+13,M,FS6TS10FWHM,1.9241E+12,271
9.22293E+12,fs6ts10fwh,Ribbon Point Longsleeve T-shirt (White),Fairliar USA,Top,"26SPR D2, 26Spring, 26SS, ALL, FEMALE, T-Shirts, Tops",2026-03-02T07:17:16Z,ACTIVE,https://fairliar.jp/products/fs6ts10fwh,Apparel & Accessories > Clothing > Clothing Tops > T-Shirts,4.77234E+13,S,FS6TS10FWHS,1.9241E+12,271
9.22293E+12,fs6ts10fwh,Ribbon Point Longsleeve T-shirt (White),Fairliar USA,Top,"26SPR D2, 26Spring, 26SS, ALL, FEMALE, T-Shirts, Tops",2026-03-02T07:17:16Z,ACTIVE,https://fairliar.jp/products/fs6ts10fwh,Apparel & Accessories > Clothing > Clothing Tops > T-Shirts,4.77234E+13,XS,FS6TS10FWHXS,1.9241E+12,271
9.22293E+12,fs6ts11fbk,Lace Collar Puff Sleeve T-Shirt (Black),Fairliar USA,Top,"26SPR D2, 26Spring, 26SS, ALL, FEMALE, T-Shirts, Tops",2026-02-25T23:59:25Z,ACTIVE,https://fairliar.jp/products/fs6ts11fbk,Apparel & Accessories > Clothing > Clothing Tops > T-Shirts,4.77234E+13,L,FS6TS11FBKL,1.9241E+12,271
9.22293E+12,fs6ts11fbk,Lace Collar Puff Sleeve T-Shirt (Black),Fairliar USA,Top,"26SPR D2, 26Spring, 26SS, ALL, FEMALE, T-Shirts, Tops",2026-02-25T23:59:25Z,ACTIVE,https://fairliar.jp/products/fs6ts11fbk,Apparel & Accessories > Clothing > Clothing Tops > T-Shirts,4.77234E+13,M,FS6TS11FBKM,1.9241E+12,271
9.22293E+12,fs6ts11fbk,Lace Collar Puff Sleeve T-Shirt (Black),Fairliar USA,Top,"26SPR D2, 26Spring, 26SS, ALL, FEMALE, T-Shirts, Tops",2026-02-25T23:59:25Z,ACTIVE,https://fairliar.jp/products/fs6ts11fbk,Apparel & Accessories > Clothing > Clothing Tops > T-Shirts,4.77234E+13,S,FS6TS11FBKS,1.9241E+12,271
9.22293E+12,fs6ts11fbk,Lace Collar Puff Sleeve T-Shirt (Black),Fairliar USA,Top,"26SPR D2, 26Spring, 26SS, ALL, FEMALE, T-Shirts, Tops",2026-02-25T23:59:25Z,ACTIVE,https://fairliar.jp/products/fs6ts11fbk,Apparel & Accessories > Clothing > Clothing Tops > T-Shirts,4.77234E+13,XS,FS6TS11FBKXS,1.9241E+12,271
9.22293E+12,fs6ts11fwh,Lace Collar Puff Sleeve T-Shirt (White),Fairliar USA,Top,"26SPR D2, 26Spring, 26SS, ALL, FEMALE, T-Shirts, Tops",2026-02-25T23:59:17Z,ACTIVE,https://fairliar.jp/products/fs6ts11fwh,Apparel & Accessories > Clothing > Clothing Tops > T-Shirts,4.77234E+13,L,FS6TS11FWHL,1.9241E+12,271
9.22293E+12,fs6ts11fwh,Lace Collar Puff Sleeve T-Shirt (White),Fairliar USA,Top,"26SPR D2, 26Spring, 26SS, ALL, FEMALE, T-Shirts, Tops",2026-02-25T23:59:17Z,ACTIVE,https://fairliar.jp/products/fs6ts11fwh,Apparel & Accessories > Clothing > Clothing Tops > T-Shirts,4.77234E+13,M,FS6TS11FWHM,1.9241E+12,271
9.22293E+12,fs6ts11fwh,Lace Collar Puff Sleeve T-Shirt (White),Fairliar USA,Top,"26SPR D2, 26Spring, 26SS, ALL, FEMALE, T-Shirts, Tops",2026-02-25T23:59:17Z,ACTIVE,https://fairliar.jp/products/fs6ts11fwh,Apparel & Accessories > Clothing > Clothing Tops > T-Shirts,4.77234E+13,S,FS6TS11FWHS,1.9241E+12,271
9.22293E+12,fs6ts11fwh,Lace Collar Puff Sleeve T-Shirt (White),Fairliar USA,Top,"26SPR D2, 26Spring, 26SS, ALL, FEMALE, T-Shirts, Tops",2026-02-25T23:59:17Z,ACTIVE,https://fairliar.jp/products/fs6ts11fwh,Apparel & Accessories > Clothing > Clothing Tops > T-Shirts,4.77234E+13,XS,FS6TS11FWHXS,1.9241E+12,271
